 Foam Pricing ,,,,, Total Sq/Mtr ,,,
,,,,,3.91,,,
Grade,Thickness, Sheet Cost , Cost Sq/Mtr ,Enter Sq/Mtr, Cost of Foam , Price of Foam , GST , Total Price 
,,,,,,,,
,,,,,,,,
38-200,10mm, $33.68 , $8.61 ,, $-   , $-   , $-   , $-   
38-200,25mm, $84.18 , $21.53 ,, $-   , $-   , $-   , $-   
38-200,50mm, $168.36 , $43.06 ,, $-   , $-   , $-   , $-   
38-200,75mm, $252.52 , $64.58 ,, $-   , $-   , $-   , $-   
38-200,100mm, $336.70 , $86.11 ,, $-   , $-   , $-   , $-   
,,,,,,,,
,,,,,,,,
***Add 15% if Cutting Required***,,,,,,,,